Dimension,Lower Bound,Upper Bound
CSI,63.75757575818182,81.18181818275
Enjoyment,13.818181818181818,17.272727272727273
Exploration,14.363636363636363,18.09090909090909
Expressiveness,12.454545454545455,15.818181818181818
Immersion,11.181818181818182,15.363636363636363
Results Worth Effort,11.0,16.0
